Synthetic File,Best Match,DTW Distance
processed_168205005_3721138395_43571_443_UDP.csv,10.6.154.205_47.103.79.3_41316_443_6_time_series.csv,166.26508612099926
processed_169279205_2780425522_40024_443_TCP.csv,10.6.154.205_47.101.60.202_33897_5333_6_time_series.csv,184986.36977735054
processed_168205005_3721138395_45590_48695_UDP.csv,10.6.154.205_221.204.16.219_36188_443_17_time_series.csv,79.97388890830486
processed_168205005_3721138395_45646_443_UDP.csv,10.6.154.205_47.101.60.202_33897_5333_6_time_series.csv,141468.1228257268
processed_168205005_3721138395_38673_443_UDP.csv,10.6.154.205_47.101.60.202_33897_5333_6_time_series.csv,120282.43712858332
processed_706211813_193370317_40500_41831_TCP.csv,10.6.154.205_47.101.60.202_33897_5333_6_time_series.csv,31078.76879808751
